rest.v.02	_derivationally_related_form	breath.n.03
breath.n.03	_derivationally_related_form	rest.v.02
host.v.01	_hypernym	entertain.v.01
entertain.v.01	_hyponym	host.v.01
liriope.n.01	_member_holonym	liliaceae.n.01
liliaceae.n.01	_member_meronym	liriope.n.01
bushbuck.n.01	_hypernym	harnessed_antelope.n.01
harnessed_antelope.n.01	_hyponym	bushbuck.n.01
devaluation.n.02	_derivationally_related_form	devalue.v.02
devalue.v.02	_derivationally_related_form	devaluation.n.02
redcap.n.01	_synset_domain_region_of	united_kingdom.n.01
united_kingdom.n.01	_member_of_domain_region	redcap.n.01
cool.v.02	_derivationally_related_form	chill.n.01
chill.n.01	_derivationally_related_form	cool.v.02
dress.v.09	_derivationally_related_form	decoration.n.03
decoration.n.03	_derivationally_related_form	dress.v.09
surgical_instrument.n.01	_hypernym	medical_instrument.n.01
medical_instrument.n.01	_hyponym	surgical_instrument.n.01
kindle.v.01	_derivationally_related_form	ignition.n.03
ignition.n.03	_derivationally_related_form	kindle.v.01
regimentals.n.01	_hypernym	military_uniform.n.01
military_uniform.n.01	_hyponym	regimentals.n.01
felis.n.01	_member_meronym	cougar.n.01
cougar.n.01	_member_holonym	felis.n.01
leave.v.01	_hyponym	depart.v.03
depart.v.03	_hypernym	leave.v.01
council.n.02	_synset_domain_topic_of	christianity.n.01
christianity.n.01	_member_of_domain_topic	council.n.02
restrain.v.01	_hyponym	control.v.02
control.v.02	_hypernym	restrain.v.01
sea_turtle.n.01	_hyponym	leatherback_turtle.n.01
leatherback_turtle.n.01	_hypernym	sea_turtle.n.01
shiah.n.01	_hypernym	sect.n.01
sect.n.01	_hyponym	shiah.n.01
capable.a.01	_derivationally_related_form	capability.n.03
capability.n.03	_derivationally_related_form	capable.a.01
machine.n.04	_hyponym	inclined_plane.n.01
inclined_plane.n.01	_hypernym	machine.n.04
blood.n.01	_synset_domain_topic_of	vertebrate.n.01
vertebrate.n.01	_member_of_domain_topic	blood.n.01
delphinapterus.n.01	_member_holonym	monodontidae.n.01
monodontidae.n.01	_member_meronym	delphinapterus.n.01
elops.n.01	_hypernym	fish_genus.n.01
fish_genus.n.01	_hyponym	elops.n.01
amelanchier.n.01	_member_holonym	rosaceae.n.01
rosaceae.n.01	_member_meronym	amelanchier.n.01
control.n.05	_hyponym	regulation.n.05
regulation.n.05	_hypernym	control.n.05
transplant.v.02	_derivationally_related_form	transplant.n.03
transplant.n.03	_derivationally_related_form	transplant.v.02
mastotermitidae.n.01	_member_holonym	isoptera.n.01
isoptera.n.01	_member_meronym	mastotermitidae.n.01
aquinas.n.01	_instance_hypernym	theologian.n.01
theologian.n.01	_instance_hyponym	aquinas.n.01
israel.n.01	_has_part	tel_aviv.n.01
tel_aviv.n.01	_part_of	israel.n.01
patronymic.n.01	_hypernym	name.n.01
name.n.01	_hyponym	patronymic.n.01
arthropod_genus.n.01	_hyponym	paralithodes.n.01
paralithodes.n.01	_hypernym	arthropod_genus.n.01
insemination.n.02	_hypernym	bodily_process.n.01
bodily_process.n.01	_hyponym	insemination.n.02
cardamom.n.01	_has_part	cardamom.n.02
cardamom.n.02	_part_of	cardamom.n.01
exact.a.01	_also_see	precise.a.01
precise.a.01	_also_see	exact.a.01
psalms.n.01	_part_of	old_testament.n.01
old_testament.n.01	_has_part	psalms.n.01
people.v.02	_derivationally_related_form	people.n.01
people.n.01	_derivationally_related_form	people.v.02
get.v.01	_derivationally_related_form	acquiring.n.01
acquiring.n.01	_derivationally_related_form	get.v.01
reduviidae.n.01	_member_meronym	arilus.n.01
arilus.n.01	_member_holonym	reduviidae.n.01
trichostema.n.01	_member_holonym	labiatae.n.01
labiatae.n.01	_member_meronym	trichostema.n.01
unfamiliarity.n.01	_hyponym	oddity.n.02
oddity.n.02	_hypernym	unfamiliarity.n.01
rhyme.v.01	_hyponym	alliterate.v.01
alliterate.v.01	_hypernym	rhyme.v.01
alcidae.n.01	_member_holonym	charadriiformes.n.01
charadriiformes.n.01	_member_meronym	alcidae.n.01
defender.n.01	_hyponym	guard.n.01
guard.n.01	_hypernym	defender.n.01
caesalpinioideae.n.01	_member_meronym	petteria.n.01
petteria.n.01	_member_holonym	caesalpinioideae.n.01
simaroubaceae.n.01	_member_meronym	picrasma.n.01
picrasma.n.01	_member_holonym	simaroubaceae.n.01
garment.n.01	_has_part	sleeve.n.01
sleeve.n.01	_part_of	garment.n.01
physeteridae.n.01	_member_holonym	odontoceti.n.01
odontoceti.n.01	_member_meronym	physeteridae.n.01
psychologist.n.01	_hyponym	hypnotist.n.01
hypnotist.n.01	_hypernym	psychologist.n.01
nigerian.n.01	_member_holonym	nigeria.n.01
nigeria.n.01	_member_meronym	nigerian.n.01
tacca.n.01	_hypernym	liliid_monocot_genus.n.01
liliid_monocot_genus.n.01	_hyponym	tacca.n.01
charge.v.09	_verb_group	charge.v.03
charge.v.03	_verb_group	charge.v.09
return.n.05	_derivationally_related_form	return.v.05
return.v.05	_derivationally_related_form	return.n.05
run.n.07	_derivationally_related_form	run.v.34
run.v.34	_derivationally_related_form	run.n.07
golf-club_head.n.01	_has_part	face.n.04
face.n.04	_part_of	golf-club_head.n.01
example.n.01	_derivationally_related_form	exemplify.v.02
exemplify.v.02	_derivationally_related_form	example.n.01
leaky.a.01	_derivationally_related_form	escape.n.07
escape.n.07	_derivationally_related_form	leaky.a.01
relation.n.01	_hyponym	ownership.n.01
ownership.n.01	_hypernym	relation.n.01
translate.v.01	_hyponym	gloss.v.03
gloss.v.03	_hypernym	translate.v.01
chang_jiang.n.01	_instance_hypernym	river.n.01
river.n.01	_instance_hyponym	chang_jiang.n.01
censor.v.02	_hypernym	measure.v.04
measure.v.04	_hyponym	censor.v.02
incise.v.01	_hyponym	girdle.v.01
girdle.v.01	_hypernym	incise.v.01
cave.n.01	_derivationally_related_form	cave.v.02
cave.v.02	_derivationally_related_form	cave.n.01
assail.v.01	_hyponym	rush.v.02
rush.v.02	_hypernym	assail.v.01
iresine.n.01	_member_meronym	bloodleaf.n.01
bloodleaf.n.01	_member_holonym	iresine.n.01
stuff.n.04	_synset_domain_usage_of	slang.n.02
slang.n.02	_member_of_domain_usage	stuff.n.04
straighten.v.02	_hyponym	comb.v.01
comb.v.01	_hypernym	straighten.v.02
fix.v.12	_hyponym	cultivate.v.02
cultivate.v.02	_hypernym	fix.v.12
share.n.01	_hyponym	split.n.03
split.n.03	_hypernym	share.n.01
booth.n.03	_instance_hypernym	actor.n.01
actor.n.01	_instance_hyponym	booth.n.03
smudge.n.02	_hypernym	blemish.n.01
blemish.n.01	_hyponym	smudge.n.02
berberis.n.01	_member_holonym	berberidaceae.n.01
berberidaceae.n.01	_member_meronym	berberis.n.01
conveyer.n.01	_hypernym	messenger.n.01
messenger.n.01	_hyponym	conveyer.n.01
chokecherry.n.02	_hypernym	cherry.n.02
cherry.n.02	_hyponym	chokecherry.n.02
stud.v.02	_hypernym	add.v.01
add.v.01	_hyponym	stud.v.02
clamber.v.01	_derivationally_related_form	struggle.n.03
struggle.n.03	_derivationally_related_form	clamber.v.01
nifedipine.n.01	_hypernym	calcium_blocker.n.01
calcium_blocker.n.01	_hyponym	nifedipine.n.01
web_map_service.n.01	_hypernym	program.n.07
program.n.07	_hyponym	web_map_service.n.01
specialist.n.02	_hyponym	anesthesiologist.n.01
anesthesiologist.n.01	_hypernym	specialist.n.02
quartz_glass.n.01	_derivationally_related_form	crystallize.v.04
crystallize.v.04	_derivationally_related_form	quartz_glass.n.01
commodity.n.01	_hyponym	future.n.03
future.n.03	_hypernym	commodity.n.01
self.n.02	_hypernym	person.n.01
person.n.01	_hyponym	self.n.02
system_of_measurement.n.01	_hyponym	information_measure.n.01
information_measure.n.01	_hypernym	system_of_measurement.n.01
trade_name.n.01	_member_of_domain_usage	lorazepam.n.01
lorazepam.n.01	_synset_domain_usage_of	trade_name.n.01
container.n.01	_hyponym	bag.n.01
bag.n.01	_hypernym	container.n.01
terrorism.n.01	_member_of_domain_topic	kahane_chai.n.01
kahane_chai.n.01	_synset_domain_topic_of	terrorism.n.01
colorado.n.01	_has_part	republican.n.03
republican.n.03	_part_of	colorado.n.01
boatbill.n.01	_hypernym	heron.n.02
heron.n.02	_hyponym	boatbill.n.01
shagbark.n.01	_hypernym	hickory.n.02
hickory.n.02	_hyponym	shagbark.n.01
dicot_genus.n.01	_hyponym	cordia.n.01
cordia.n.01	_hypernym	dicot_genus.n.01
contestant.n.01	_hyponym	athlete.n.01
athlete.n.01	_hypernym	contestant.n.01
diversify.v.01	_derivationally_related_form	diverseness.n.01
diverseness.n.01	_derivationally_related_form	diversify.v.01
dominance.n.02	_derivationally_related_form	ascend.v.03
ascend.v.03	_derivationally_related_form	dominance.n.02
shot.n.02	_hypernym	projectile.n.01
projectile.n.01	_hyponym	shot.n.02
retreat.v.04	_derivationally_related_form	withdrawal.n.03
withdrawal.n.03	_derivationally_related_form	retreat.v.04
ship.n.01	_hyponym	steamer.n.03
steamer.n.03	_hypernym	ship.n.01
strong_breeze.n.01	_part_of	beaufort_scale.n.01
beaufort_scale.n.01	_has_part	strong_breeze.n.01
pleat.n.01	_hyponym	tuck.n.03
tuck.n.03	_hypernym	pleat.n.01
fruit_tree.n.01	_hyponym	apple_tree.n.01
apple_tree.n.01	_hypernym	fruit_tree.n.01
tishah_b'av.n.01	_synset_domain_topic_of	judaism.n.02
judaism.n.02	_member_of_domain_topic	tishah_b'av.n.01
colorado_springs.n.01	_instance_hypernym	city.n.01
city.n.01	_instance_hyponym	colorado_springs.n.01
historian.n.01	_instance_hyponym	wiesel.n.01
wiesel.n.01	_instance_hypernym	historian.n.01
plural.n.01	_member_of_domain_usage	writing.n.03
writing.n.03	_synset_domain_usage_of	plural.n.01
africa.n.01	_has_part	african_country.n.01
african_country.n.01	_part_of	africa.n.01
officiate.v.02	_hypernym	serve.v.02
serve.v.02	_hyponym	officiate.v.02
move.v.03	_hyponym	dance.v.02
dance.v.02	_hypernym	move.v.03
eragrostis.n.01	_hypernym	monocot_genus.n.01
monocot_genus.n.01	_hyponym	eragrostis.n.01
salix.n.01	_member_meronym	bay_willow.n.01
bay_willow.n.01	_member_holonym	salix.n.01
originate.v.02	_hyponym	go_back.v.01
go_back.v.01	_hypernym	originate.v.02
agropyron.n.01	_hypernym	monocot_genus.n.01
monocot_genus.n.01	_hyponym	agropyron.n.01
al-tawhid.n.01	_synset_domain_topic_of	terrorism.n.01
terrorism.n.01	_member_of_domain_topic	al-tawhid.n.01
herb.n.01	_hyponym	salad_burnet.n.01
salad_burnet.n.01	_hypernym	herb.n.01
erroneousness.n.01	_derivationally_related_form	err.v.01
err.v.01	_derivationally_related_form	erroneousness.n.01
blue.n.01	_derivationally_related_form	blue.v.01
blue.v.01	_derivationally_related_form	blue.n.01
imbrication.n.01	_derivationally_related_form	overlap.v.02
overlap.v.02	_derivationally_related_form	imbrication.n.01
stove.n.01	_hyponym	cookstove.n.01
cookstove.n.01	_hypernym	stove.n.01
aves.n.01	_synset_domain_topic_of	ornithology.n.01
ornithology.n.01	_member_of_domain_topic	aves.n.01
review.n.08	_derivationally_related_form	review.v.01
review.v.01	_derivationally_related_form	review.n.08
herb.n.01	_hyponym	nasturtium.n.01
nasturtium.n.01	_hypernym	herb.n.01
microorganism.n.01	_member_of_domain_topic	bacteremia.n.01
bacteremia.n.01	_synset_domain_topic_of	microorganism.n.01
hell.n.03	_derivationally_related_form	infernal.a.01
infernal.a.01	_derivationally_related_form	hell.n.03
gambler.n.01	_derivationally_related_form	gamble.v.02
gamble.v.02	_derivationally_related_form	gambler.n.01
bankruptcy.n.02	_derivationally_related_form	bankrupt.v.01
bankrupt.v.01	_derivationally_related_form	bankruptcy.n.02
laurel.n.03	_synset_domain_region_of	greece.n.01
greece.n.01	_member_of_domain_region	laurel.n.03
food.n.01	_hyponym	nutriment.n.01
nutriment.n.01	_hypernym	food.n.01
body_part.n.01	_hyponym	cannon.n.05
cannon.n.05	_hypernym	body_part.n.01
pathology.n.02	_hyponym	hemochromatosis.n.01
hemochromatosis.n.01	_hypernym	pathology.n.02
expunction.n.01	_derivationally_related_form	strike.v.14
strike.v.14	_derivationally_related_form	expunction.n.01
success.n.02	_hyponym	passing.n.07
passing.n.07	_hypernym	success.n.02
xyridales.n.01	_member_meronym	bromeliaceae.n.01
bromeliaceae.n.01	_member_holonym	xyridales.n.01
papilionoideae.n.01	_member_meronym	platylobium.n.01
platylobium.n.01	_member_holonym	papilionoideae.n.01
adjudicator.n.01	_hyponym	judge.n.01
judge.n.01	_hypernym	adjudicator.n.01
mental_reservation.n.01	_hypernym	doubt.n.01
doubt.n.01	_hyponym	mental_reservation.n.01
wandering.n.01	_hypernym	travel.n.01
travel.n.01	_hyponym	wandering.n.01
grain.n.02	_hypernym	foodstuff.n.02
foodstuff.n.02	_hyponym	grain.n.02
marsh_plant.n.01	_hyponym	skirret.n.01
skirret.n.01	_hypernym	marsh_plant.n.01
pandanus.n.02	_hypernym	tree.n.01
tree.n.01	_hyponym	pandanus.n.02
indri.n.01	_member_holonym	genus_indri.n.01
genus_indri.n.01	_member_meronym	indri.n.01
testimony.n.03	_derivationally_related_form	testify.v.02
testify.v.02	_derivationally_related_form	testimony.n.03
spain.n.01	_member_meronym	basque.n.01
basque.n.01	_member_holonym	spain.n.01
antineoplastic.n.01	_hyponym	periwinkle_plant_derivative.n.01
periwinkle_plant_derivative.n.01	_hypernym	antineoplastic.n.01
jewel.n.02	_hypernym	person.n.01
person.n.01	_hyponym	jewel.n.02
clergyman.n.01	_hyponym	vicar.n.02
vicar.n.02	_hypernym	clergyman.n.01
scout.n.04	_instance_hyponym	sacagawea.n.01
sacagawea.n.01	_instance_hypernym	scout.n.04
door.n.01	_hyponym	car_door.n.01
car_door.n.01	_hypernym	door.n.01
fortify.v.02	_derivationally_related_form	fortress.n.01
fortress.n.01	_derivationally_related_form	fortify.v.02
rash.n.01	_hypernym	eruption.n.02
eruption.n.02	_hyponym	rash.n.01
fruit_fly.n.01	_hypernym	dipterous_insect.n.01
dipterous_insect.n.01	_hyponym	fruit_fly.n.01
legend.n.01	_member_of_domain_topic	midas.n.01
midas.n.01	_synset_domain_topic_of	legend.n.01
attire.n.01	_hyponym	costume.n.04
costume.n.04	_hypernym	attire.n.01
scatter.v.03	_derivationally_related_form	dust.n.03
dust.n.03	_derivationally_related_form	scatter.v.03
genus_sassafras.n.01	_member_meronym	sassafras.n.01
sassafras.n.01	_member_holonym	genus_sassafras.n.01
housing_estate.n.01	_hypernym	development.n.06
development.n.06	_hyponym	housing_estate.n.01
motion.n.03	_hyponym	eye_movement.n.01
eye_movement.n.01	_hypernym	motion.n.03
new_jersey.n.01	_part_of	united_states.n.01
united_states.n.01	_has_part	new_jersey.n.01
display.n.03	_derivationally_related_form	portray.v.04
portray.v.04	_derivationally_related_form	display.n.03
existentialism.n.01	_synset_domain_topic_of	philosophy.n.02
philosophy.n.02	_member_of_domain_topic	existentialism.n.01
rage.v.03	_derivationally_related_form	fury.n.01
fury.n.01	_derivationally_related_form	rage.v.03
freshener.n.01	_hypernym	thing.n.08
thing.n.08	_hyponym	freshener.n.01
bantu.n.01	_hyponym	luba.n.01
luba.n.01	_hypernym	bantu.n.01
horse.n.02	_hypernym	gymnastic_apparatus.n.01
gymnastic_apparatus.n.01	_hyponym	horse.n.02
brazil.n.01	_has_part	sao_goncalo.n.01
sao_goncalo.n.01	_part_of	brazil.n.01
moisten.v.01	_derivationally_related_form	moistening.n.01
moistening.n.01	_derivationally_related_form	moisten.v.01
theologian.n.01	_hypernym	scholar.n.01
scholar.n.01	_hyponym	theologian.n.01
fairy_light.n.01	_hypernym	light.n.02
light.n.02	_hyponym	fairy_light.n.01
compositae.n.01	_member_meronym	taraxacum.n.01
taraxacum.n.01	_member_holonym	compositae.n.01
call.n.12	_hypernym	decision.n.01
decision.n.01	_hyponym	call.n.12
biologist.n.01	_hyponym	zoologist.n.01
zoologist.n.01	_hypernym	biologist.n.01
pink-and-white_everlasting.n.01	_hypernym	everlasting.n.01
everlasting.n.01	_hyponym	pink-and-white_everlasting.n.01
laager.n.01	_hypernym	camp.n.01
camp.n.01	_hyponym	laager.n.01
interact.v.01	_hyponym	conspire.v.02
conspire.v.02	_hypernym	interact.v.01
siberian_crab.n.01	_member_holonym	malus.n.01
malus.n.01	_member_meronym	siberian_crab.n.01
flag.v.01	_derivationally_related_form	flag.n.04
flag.n.04	_derivationally_related_form	flag.v.01
cruciferae.n.01	_member_meronym	raphanus.n.01
raphanus.n.01	_member_holonym	cruciferae.n.01
temple.n.01	_hypernym	place_of_worship.n.01
place_of_worship.n.01	_hyponym	temple.n.01
discontinue.v.01	_derivationally_related_form	cease.n.01
cease.n.01	_derivationally_related_form	discontinue.v.01
catostomidae.n.01	_member_meronym	ictiobus.n.01
ictiobus.n.01	_member_holonym	catostomidae.n.01
favor.n.04	_derivationally_related_form	prefer.v.03
prefer.v.03	_derivationally_related_form	favor.n.04
defense_logistics_agency.n.01	_hypernym	agency.n.01
agency.n.01	_hyponym	defense_logistics_agency.n.01
young.n.01	_hyponym	young_bird.n.01
young_bird.n.01	_hypernym	young.n.01
trim.v.06	_derivationally_related_form	garnish.n.01
garnish.n.01	_derivationally_related_form	trim.v.06
equation.n.01	_derivationally_related_form	equate.v.02
equate.v.02	_derivationally_related_form	equation.n.01
bible.n.01	_instance_hyponym	revised_version.n.01
revised_version.n.01	_instance_hypernym	bible.n.01
triglidae.n.01	_member_meronym	prionotus.n.01
prionotus.n.01	_member_holonym	triglidae.n.01
intoxicated.a.01	_derivationally_related_form	drunk.n.02
drunk.n.02	_derivationally_related_form	intoxicated.a.01
fish_genus.n.01	_hyponym	orectolobus.n.01
orectolobus.n.01	_hypernym	fish_genus.n.01
rosh_hashanah.n.01	_synset_domain_topic_of	judaism.n.02
judaism.n.02	_member_of_domain_topic	rosh_hashanah.n.01
fold.n.01	_hyponym	pleat.n.01
pleat.n.01	_hypernym	fold.n.01
genus_lespedeza.n.01	_member_meronym	japanese_clover.n.01
japanese_clover.n.01	_member_holonym	genus_lespedeza.n.01
fullness.n.03	_hypernym	condition.n.01
condition.n.01	_hyponym	fullness.n.03
hinge.n.01	_part_of	swing_door.n.01
swing_door.n.01	_has_part	hinge.n.01
color_vision.n.01	_hypernym	sight.n.03
sight.n.03	_hyponym	color_vision.n.01
toxicodendron.n.01	_member_meronym	poison_ash.n.01
poison_ash.n.01	_member_holonym	toxicodendron.n.01
ale.n.01	_hyponym	bitter.n.01
bitter.n.01	_hypernym	ale.n.01
quality.n.01	_hyponym	fidelity.n.02
fidelity.n.02	_hypernym	quality.n.01
judgeship.n.01	_derivationally_related_form	evaluator.n.01
evaluator.n.01	_derivationally_related_form	judgeship.n.01
shivaist.n.01	_hypernym	hindu.n.02
hindu.n.02	_hyponym	shivaist.n.01
hunting_dog.n.01	_hypernym	dog.n.01
dog.n.01	_hyponym	hunting_dog.n.01
trade_name.n.01	_member_of_domain_usage	methylphenidate.n.01
methylphenidate.n.01	_synset_domain_usage_of	trade_name.n.01
hellebore.n.01	_hypernym	liliaceous_plant.n.01
liliaceous_plant.n.01	_hyponym	hellebore.n.01
pronounce.v.01	_hyponym	subvocalize.v.01
subvocalize.v.01	_hypernym	pronounce.v.01
imipramine.n.01	_synset_domain_usage_of	trade_name.n.01
trade_name.n.01	_member_of_domain_usage	imipramine.n.01
oreamnos.n.01	_member_holonym	bovidae.n.01
bovidae.n.01	_member_meronym	oreamnos.n.01
frog.n.01	_hyponym	tongueless_frog.n.01
tongueless_frog.n.01	_hypernym	frog.n.01
euonymus.n.01	_member_meronym	strawberry_bush.n.01
strawberry_bush.n.01	_member_holonym	euonymus.n.01
accounting.n.02	_hypernym	system.n.04
system.n.04	_hyponym	accounting.n.02
hadrosaur.n.01	_hypernym	ornithischian.n.01
ornithischian.n.01	_hyponym	hadrosaur.n.01
leukocyte.n.01	_hyponym	lymphocyte.n.01
lymphocyte.n.01	_hypernym	leukocyte.n.01
concert.n.01	_member_of_domain_topic	rehearsal.n.01
rehearsal.n.01	_synset_domain_topic_of	concert.n.01
impotent.a.01	_also_see	powerless.a.01
powerless.a.01	_also_see	impotent.a.01
snivel.v.03	_derivationally_related_form	snivel.n.01
snivel.n.01	_derivationally_related_form	snivel.v.03
european_rabbit.n.01	_member_holonym	oryctolagus.n.01
oryctolagus.n.01	_member_meronym	european_rabbit.n.01
magistrate.n.01	_hyponym	stipendiary.n.01
stipendiary.n.01	_hypernym	magistrate.n.01
reliever.n.02	_derivationally_related_form	still.v.03
still.v.03	_derivationally_related_form	reliever.n.02
gasp.n.01	_derivationally_related_form	pant.v.01
pant.v.01	_derivationally_related_form	gasp.n.01
pride.n.01	_hypernym	feeling.n.01
feeling.n.01	_hyponym	pride.n.01
evaluation.n.02	_hyponym	pricing.n.01
pricing.n.01	_hypernym	evaluation.n.02
dorylinae.n.01	_member_holonym	formicidae.n.01
formicidae.n.01	_member_meronym	dorylinae.n.01
impermanence.n.01	_hyponym	transience.n.01
transience.n.01	_hypernym	impermanence.n.01
cork.v.01	_derivationally_related_form	cork.n.04
cork.n.04	_derivationally_related_form	cork.v.01
braid.n.01	_derivationally_related_form	plait.v.02
plait.v.02	_derivationally_related_form	braid.n.01
dilation_and_curettage.n.01	_hypernym	operation.n.06
operation.n.06	_hyponym	dilation_and_curettage.n.01
hang.v.12	_derivationally_related_form	hanging.n.01
hanging.n.01	_derivationally_related_form	hang.v.12
dicot_genus.n.01	_hyponym	nephelium.n.01
nephelium.n.01	_hypernym	dicot_genus.n.01
tulostomaceae.n.01	_member_meronym	tulostoma.n.01
tulostoma.n.01	_member_holonym	tulostomaceae.n.01
nitrogen_trichloride.n.01	_synset_domain_usage_of	trade_name.n.01
trade_name.n.01	_member_of_domain_usage	nitrogen_trichloride.n.01
taste_property.n.01	_hypernym	property.n.02
property.n.02	_hyponym	taste_property.n.01
unfamiliarity.n.01	_hypernym	unusualness.n.01
unusualness.n.01	_hyponym	unfamiliarity.n.01
talk.v.02	_hyponym	tone.v.01
tone.v.01	_hypernym	talk.v.02
oblique.n.01	_hyponym	genitive.n.01
genitive.n.01	_hypernym	oblique.n.01
stamp.v.04	_hypernym	affix.v.01
affix.v.01	_hyponym	stamp.v.04
birth_defect.n.01	_hyponym	cleft_lip.n.01
cleft_lip.n.01	_hypernym	birth_defect.n.01
ardeidae.n.01	_member_meronym	cochlearius.n.01
cochlearius.n.01	_member_holonym	ardeidae.n.01
lowlander.n.01	_hypernym	scot.n.01
scot.n.01	_hyponym	lowlander.n.01
spread.v.03	_derivationally_related_form	scatter.n.01
scatter.n.01	_derivationally_related_form	spread.v.03
correlational.a.01	_derivationally_related_form	correlation.n.03
correlation.n.03	_derivationally_related_form	correlational.a.01
appraiser.n.01	_derivationally_related_form	measure.v.04
measure.v.04	_derivationally_related_form	appraiser.n.01
percophidae.n.01	_member_holonym	perciformes.n.01
perciformes.n.01	_member_meronym	percophidae.n.01
rat_kangaroo.n.01	_hypernym	kangaroo.n.01
kangaroo.n.01	_hyponym	rat_kangaroo.n.01
garden_pea.n.02	_member_holonym	pisum.n.01
pisum.n.01	_member_meronym	garden_pea.n.02
prism.n.01	_hyponym	parallelepiped.n.01
parallelepiped.n.01	_hypernym	prism.n.01
defense_technical_information_center.n.01	_hypernym	agency.n.01
agency.n.01	_hyponym	defense_technical_information_center.n.01
drift.n.06	_derivationally_related_form	drive.v.11
drive.v.11	_derivationally_related_form	drift.n.06
sphaerocarpaceae.n.01	_member_holonym	sphaerocarpales.n.01
sphaerocarpales.n.01	_member_meronym	sphaerocarpaceae.n.01
salem.n.03	_part_of	india.n.01
india.n.01	_has_part	salem.n.03
town.n.01	_instance_hyponym	hameln.n.01
hameln.n.01	_instance_hypernym	town.n.01
american_state.n.01	_instance_hyponym	south_carolina.n.02
south_carolina.n.02	_instance_hypernym	american_state.n.01
bur.n.01	_hypernym	pericarp.n.01
pericarp.n.01	_hyponym	bur.n.01
pastorale.n.01	_hypernym	musical_composition.n.01
musical_composition.n.01	_hyponym	pastorale.n.01
crotalidae.n.01	_member_meronym	agkistrodon.n.01
agkistrodon.n.01	_member_holonym	crotalidae.n.01
fastener.n.02	_hyponym	knot.n.02
knot.n.02	_hypernym	fastener.n.02
scam.n.01	_derivationally_related_form	victimize.v.03
victimize.v.03	_derivationally_related_form	scam.n.01
computer_memory_unit.n.01	_hyponym	petabyte.n.02
petabyte.n.02	_hypernym	computer_memory_unit.n.01
labiatae.n.01	_member_meronym	majorana.n.01
majorana.n.01	_member_holonym	labiatae.n.01
morse.n.01	_hypernym	code.n.02
code.n.02	_hyponym	morse.n.01
exciting.a.01	_also_see	interesting.a.01
interesting.a.01	_also_see	exciting.a.01
assiduity.n.01	_hyponym	intentness.n.01
intentness.n.01	_hypernym	assiduity.n.01
meddle.v.01	_derivationally_related_form	meddler.n.01
meddler.n.01	_derivationally_related_form	meddle.v.01
importune.v.01	_derivationally_related_form	insistence.n.01
insistence.n.01	_derivationally_related_form	importune.v.01
galeorhinus.n.01	_member_meronym	soupfin_shark.n.01
soupfin_shark.n.01	_member_holonym	galeorhinus.n.01
bar.v.01	_derivationally_related_form	exclusion.n.01
exclusion.n.01	_derivationally_related_form	bar.v.01
descent.n.01	_hyponym	slide.n.02
slide.n.02	_hypernym	descent.n.01
philosopher.n.01	_instance_hyponym	radhakrishnan.n.01
radhakrishnan.n.01	_instance_hypernym	philosopher.n.01
dicotyledones.n.01	_member_meronym	proteales.n.01
proteales.n.01	_member_holonym	dicotyledones.n.01
sketch.v.02	_hypernym	describe.v.01
describe.v.01	_hyponym	sketch.v.02
bird_family.n.01	_hyponym	bucerotidae.n.01
bucerotidae.n.01	_hypernym	bird_family.n.01
centaury.n.02	_hyponym	knapweed.n.01
knapweed.n.01	_hypernym	centaury.n.02
power_company.n.01	_hypernym	utility.n.01
utility.n.01	_hyponym	power_company.n.01
science.n.01	_hyponym	social_science.n.01
social_science.n.01	_hypernym	science.n.01
cebuella.n.01	_hypernym	mammal_genus.n.01
mammal_genus.n.01	_hyponym	cebuella.n.01
hexane.n.01	_hypernym	methane_series.n.01
methane_series.n.01	_hyponym	hexane.n.01
imprisonment.n.01	_derivationally_related_form	imprison.v.01
imprison.v.01	_derivationally_related_form	imprisonment.n.01
leave.v.07	_derivationally_related_form	result.n.03
result.n.03	_derivationally_related_form	leave.v.07
major_tranquilizer.n.01	_hypernym	tranquilizer.n.01
tranquilizer.n.01	_hyponym	major_tranquilizer.n.01
talk.v.01	_hyponym	cheek.v.01
cheek.v.01	_hypernym	talk.v.01
breeches.n.01	_hyponym	buckskins.n.01
buckskins.n.01	_hypernym	breeches.n.01
joint.v.03	_hypernym	fasten.v.01
fasten.v.01	_hyponym	joint.v.03
attack.v.02	_hyponym	bombard.v.03
bombard.v.03	_hypernym	attack.v.02
disparagement.n.01	_member_of_domain_usage	yellow_woman.n.01
yellow_woman.n.01	_synset_domain_usage_of	disparagement.n.01
kenaf.n.01	_hypernym	hemp.n.01
hemp.n.01	_hyponym	kenaf.n.01
accurse.v.01	_derivationally_related_form	anathematization.n.01
anathematization.n.01	_derivationally_related_form	accurse.v.01
barren.n.01	_hypernym	wilderness.n.03
wilderness.n.03	_hyponym	barren.n.01
genus_commelina.n.01	_member_holonym	commelinaceae.n.01
commelinaceae.n.01	_member_meronym	genus_commelina.n.01
shame.n.02	_derivationally_related_form	discredit.v.02
discredit.v.02	_derivationally_related_form	shame.n.02
parana.n.01	_has_part	urubupunga.n.01
urubupunga.n.01	_part_of	parana.n.01
arrange.v.01	_hyponym	organize.v.04
organize.v.04	_hypernym	arrange.v.01
mongolia.n.02	_part_of	asia.n.01
asia.n.01	_has_part	mongolia.n.02
minneapolis.n.01	_part_of	minnesota.n.01
minnesota.n.01	_has_part	minneapolis.n.01
grind.v.05	_hyponym	mill.v.02
mill.v.02	_hypernym	grind.v.05
prunus.n.01	_member_meronym	plum.n.01
plum.n.01	_member_holonym	prunus.n.01
portray.v.02	_derivationally_related_form	depicting.n.01
depicting.n.01	_derivationally_related_form	portray.v.02
subcontinent.n.01	_part_of	continent.n.01
continent.n.01	_has_part	subcontinent.n.01
family.n.06	_hyponym	moss_family.n.01
moss_family.n.01	_hypernym	family.n.06
inch.n.01	_hypernym	linear_unit.n.01
linear_unit.n.01	_hyponym	inch.n.01
aeonium.n.01	_hypernym	plant_genus.n.01
plant_genus.n.01	_hyponym	aeonium.n.01
outgo.n.01	_hyponym	expense.n.03
expense.n.03	_hypernym	outgo.n.01
class.n.07	_hyponym	rhodophyceae.n.01
rhodophyceae.n.01	_hypernym	class.n.07
mobile.n.01	_part_of	alabama.n.01
alabama.n.01	_has_part	mobile.n.01
ultraviolet.n.01	_hyponym	sunray.n.03
sunray.n.03	_hypernym	ultraviolet.n.01
construct.v.01	_hyponym	rebuild.v.01
rebuild.v.01	_hypernym	construct.v.01
melodiousness.n.01	_hypernym	musicality.n.01
musicality.n.01	_hyponym	melodiousness.n.01
thinking.n.01	_hyponym	excogitation.n.01
excogitation.n.01	_hypernym	thinking.n.01
thousand.n.01	_hypernym	large_integer.n.01
large_integer.n.01	_hyponym	thousand.n.01
middle_east.n.01	_member_of_domain_region	arab-israeli_war.n.02
arab-israeli_war.n.02	_synset_domain_region_of	middle_east.n.01
frankincense.n.01	_hypernym	gum.n.03
gum.n.03	_hyponym	frankincense.n.01
sample_distribution.n.01	_hyponym	stratified_sample.n.01
stratified_sample.n.01	_hypernym	sample_distribution.n.01
kei_apple.n.01	_hypernym	shrub.n.01
shrub.n.01	_hyponym	kei_apple.n.01
out-and-outer.n.01	_synset_domain_usage_of	slang.n.02
slang.n.02	_member_of_domain_usage	out-and-outer.n.01
stimulate.v.01	_derivationally_related_form	excitation.n.03
excitation.n.03	_derivationally_related_form	stimulate.v.01
flow.n.01	_hypernym	change_of_location.n.01
change_of_location.n.01	_hyponym	flow.n.01
covering.n.01	_hyponym	blanket.n.02
blanket.n.02	_hypernym	covering.n.01
newcastle.n.01	_instance_hypernym	city.n.01
city.n.01	_instance_hyponym	newcastle.n.01
mountain_peak.n.01	_instance_hyponym	tirich_mir.n.01
tirich_mir.n.01	_instance_hypernym	mountain_peak.n.01
chamber.n.01	_hyponym	burial_chamber.n.01
burial_chamber.n.01	_hypernym	chamber.n.01
highjacker.n.01	_hypernym	criminal.n.01
criminal.n.01	_hyponym	highjacker.n.01
wind.v.03	_derivationally_related_form	axial_rotation.n.01
axial_rotation.n.01	_derivationally_related_form	wind.v.03
cornbread.n.01	_hyponym	johnnycake.n.01
johnnycake.n.01	_hypernym	cornbread.n.01
drive.n.08	_hypernym	journey.n.01
journey.n.01	_hyponym	drive.n.08
power.n.01	_hyponym	valence.n.02
valence.n.02	_hypernym	power.n.01
hirudo.n.01	_member_holonym	hirudinidae.n.01
hirudinidae.n.01	_member_meronym	hirudo.n.01
alliance.n.03	_member_meronym	ally.n.01
ally.n.01	_member_holonym	alliance.n.03
biota.n.01	_hypernym	collection.n.01
collection.n.01	_hyponym	biota.n.01
mexico.n.01	_has_part	ciudad_juarez.n.01
ciudad_juarez.n.01	_part_of	mexico.n.01
boast.v.01	_derivationally_related_form	boast.n.01
boast.n.01	_derivationally_related_form	boast.v.01
hooded_skunk.n.01	_hypernym	skunk.n.04
skunk.n.04	_hyponym	hooded_skunk.n.01
clothing.n.01	_hyponym	togs.n.01
togs.n.01	_hypernym	clothing.n.01
shuffle.v.03	_hyponym	riffle.v.04
riffle.v.04	_hypernym	shuffle.v.03
sauropoda.n.01	_member_meronym	titanosauridae.n.01
titanosauridae.n.01	_member_holonym	sauropoda.n.01
diet.n.03	_derivationally_related_form	dietician.n.01
dietician.n.01	_derivationally_related_form	diet.n.03
acanthurus.n.01	_hypernym	fish_genus.n.01
fish_genus.n.01	_hyponym	acanthurus.n.01
city.n.01	_instance_hyponym	atlantic_city.n.01
atlantic_city.n.01	_instance_hypernym	city.n.01
loot.n.01	_has_part	cut.n.01
cut.n.01	_part_of	loot.n.01
commissioned_military_officer.n.01	_hyponym	marshal.n.02
marshal.n.02	_hypernym	commissioned_military_officer.n.01
military.n.01	_member_of_domain_topic	marine.n.01
marine.n.01	_synset_domain_topic_of	military.n.01
lauraceae.n.01	_member_meronym	laurel.n.01
laurel.n.01	_member_holonym	lauraceae.n.01
compositor.n.01	_derivationally_related_form	typography.n.02
typography.n.02	_derivationally_related_form	compositor.n.01
united_kingdom.n.01	_member_of_domain_region	fairy_light.n.01
fairy_light.n.01	_synset_domain_region_of	united_kingdom.n.01
chimaphila.n.01	_hypernym	dilleniid_dicot_genus.n.01
dilleniid_dicot_genus.n.01	_hyponym	chimaphila.n.01
prophet.n.01	_derivationally_related_form	prophesy.v.01
prophesy.v.01	_derivationally_related_form	prophet.n.01
